size_mb,encode_time,throughput_mb_s,peak_mem_mb
1,0.020678750006482005,48.35882244751438,81.953125
5,0.11921320797409862,41.94166137267564,187.421875
10,0.21327787498012185,46.88718884193698,363.78125
25,0.6147419170010835,40.667472493104675,749.453125
50,1.3878769999719225,36.02624728344913,988.640625
